region,avg_profit_margin
Africa,-0.1566435311596838
EMEA,-0.14906719994211745
Southeast Asia,-0.08847877991648537
South,0.049675425934234456
Central,0.05656257759383602
Caribbean,0.07843755149867745
Oceania,0.08006433293719338
North,0.12189052631904806
Central Asia,0.14395728106517752
East,0.16976823249743628
North Asia,0.17787892137847525
West,0.22278357303731797
Canada,0.24523775005453707
