category,avg_profit_margin
Furniture,-0.001175417262083852
Technology,0.033306694947998594
Office Supplies,0.056965668879375014
